collection,volant-carbone,carbon-fibre-steering-wheels
collection,volant-alcantara,alcantara-steering-wheels
collection,volant-volkswagen,volkswagen-steering-wheels
collection,volant-audi,audi-steering-wheels
collection,volant-bmw,bmw-steering-wheels
collection,volant-mercedes,mercedes-steering-wheels
collection,volant-seat,seat-steering-wheels
collection,volant-renault,renault-steering-wheels
collection,volant-ford,ford-steering-wheels
collection,volant-nissan,nissan-steering-wheels
collection,volant-lamborghini,lamborghini-steering-wheels
collection,volant-porsche,porsche-steering-wheels
collection,volant-tesla,tesla-steering-wheels
collection,volant-personnalise-jaguar,custom-jaguar-steering-wheels
collection,volant-personnalise-skoda,custom-skoda-steering-wheels
collection,volant-personnalise-jeep,custom-jeep-steering-wheels
collection,volant-personnalise-alfa-romeo,custom-alfa-romeo-steering-wheels
collection,calandre-mercedes,mercedes-grilles
collection,calandre-bmw,bmw-grilles
collection,calandre-audi,audi-grilles
collection,calandre-voiture,car-grilles
collection,all,all
product,volant-mercedes-brabus,brabus-mercedes-steering-wheel
product,volant-mercedes-class-c,custom-mercedes-c-class-steering-wheel
product,volant-golf-huit-r-gti-gte,custom-vw-golf-8-r-gti-gte-steering-wheel
product,volant-golf-sept,custom-vw-golf-7-steering-wheel-carbon-fibre-and-leather
product,volant-golf-cinq,custom-vw-golf-5-steering-wheel
product,volant-golf-six,custom-vw-golf-6-gtdgtir-steering-wheel
product,volant-golf-trois,custom-vw-golf-3-steering-wheel
product,volant-golf-quatre,custom-vw-golf-4-steering-wheel
product,volant-audi-tt,audi-ttr8-steering-wheel
product,volant-audi-q-trois,audi-q3rsq3-steering-wheel
product,volant-audi-a-six,audi-a6rs6-steering-wheel
product,volant-audi-a-quatre,audi-a4rs4s4-steering-wheel
product,volant-audi-a-trois,audi-a3rs3s3-steering-wheel
product,volant-audi-a-un,audi-a1s1-steering-wheel
product,volant-audi-a-cinq,audi-a5rs5s5-steering-wheel
product,volant-seat-ibiza,custom-seat-ibiza-steering-wheel
product,volant-seat-leon-cupra,custom-seat-leon-cupra-steering-wheel
product,volant-megane-trois-rs,custom-renault-megane-3rs-steering-wheel
product,volant-megane-quatre,custom-renault-megane-4rs-steering-wheel
product,volant-clio-quatre,custom-renault-clio-4-rs-steering-wheel
product,volant-personnalise-clio-trois-rs,custom-renault-clio-3-rs-steering-wheel
product,volant-nissan-gtr,custom-nissan-gtr-steering-wheel
product,volant-nissan-trois-cent-cinquante-z,custom-nissan-350z-steering-wheel
product,volant-nissan-370z,custom-nissan-370z-steering-wheel
product,volant-mustang,custom-ford-mustang-steering-wheel
product,volant-ford-focus,custom-ford-focus-steering-wheel
product,volant-ford-fiesta,custom-ford-fiesta-steering-wheel
product,lamborghini-urus-volant,lamborghini-urus-steering-wheel
product,volant-lamborghini-aventador,lamborghini-aventador-steering-wheel
product,volant-lamborghini-gallardo,lamborghini-gallardo-steering-wheel
product,volant-lamborghini-huracan,lamborghini-huracan-steering-wheel
product,volant-mini-cooper-s,custom-mini-cooper-s-steering-wheel
product,volant-mercedes-classe-a,custom-mercedes-a-class-steering-wheel
product,volant-mercedes-classe-b,custom-mercedes-b-class-steering-wheel
product,volant-mercedes-classe-e,custom-mercedes-e-class-steering-wheel
product,volant-mercedes-classe-g,custom-mercedes-g-class-steering-wheel
product,volant-mercedes-classe-s,custom-mercedes-s-class-steering-wheel
product,volant-mercedes-amg-gt,custom-mercedes-amg-gt-steering-wheel
product,volant-personnalise-mercedes-benz-amg-2010-2013,custom-mercedes-amg-steering-wheel-2010-2013
product,volant-personnalise-mercedes-benz-amg-2014-2017,custom-mercedes-amg-steering-wheel-2014-2017
product,volant-personnalise-mercedes-benz-amg-2015-2021,custom-mercedes-amg-steering-wheel-2015-2021
product,volant-personnalise-mercedes-benz-amg-derniere-generation,custom-mercedes-amg-latest-gen-steering-wheel
product,volant-bmw-serie-un,bmw-1-series-steering-wheel
product,volant-personnalise-bmw-serie-trois,custom-bmw-3-series-steering-wheel-1
product,volant-personnalise-bmw-serie-quatre,custom-bmw-4-series-steering-wheel
product,volant-personnalise-bmw-serie-cinq,custom-bmw-5-series-steering-wheel-1
product,volant-personnalise-bmw-serie-e-neuf-x,custom-bmw-e6xe8xe9x-series-steering-wheel
product,volant-personnalise-bmw-serie-f,custom-bmw-f-series-steering-wheel
product,volant-personnalise-bmw-serie-g,custom-bmw-series-g-steering-wheel
product,volant-personnalise-bmw-m-deux,custom-bmw-m2-steering-wheel
product,volant-personnalise-bmw-m-trois,custom-bmw-m3-steering-wheel
product,volant-personnalise-bmw-m-quatre,custom-bmw-m4-steering-wheel
product,volant-personnalise-bmw-m-cinq,custom-bmw-m5-steering-wheel
product,volant-personnalise-bmw-m-huit,custom-bmw-m8-steering-wheel
product,volant-personnalise-m-cent-trente-cinq-i,custom-bmw-m135i-steering-wheel
product,volant-personnalise-bmw-x-deux,custom-bmw-x2-steering-wheel
product,volant-personnalise-bmw-x3,custom-bmw-x3-steering-wheel-1
product,volant-personnalise-bmw-x-quatre,custom-bmw-x4-steering-wheel
product,volant-personnalise-bmw-x-cinq,custom-bmw-x5-steering-wheel
product,volant-personnalise-bmw-x-six,custom-bmw-x6-steering-wheel
product,volant-personnalise-audi-8v1-s-rs-2014-2016,custom-audi-8v1-srs-steering-wheel
product,volant-personnalise-audi-a-sept,custom-audi-a7rs7s7-steering-wheel
product,volant-personnalise-audi-a-huit,custom-audi-a8rs8s8-steering-wheel
product,volant-personnalise-audi-q-deux-rsq-deux,custom-audi-q2rsq2-steering-wheel
product,volant-personnalise-audi-q4-rsq4,custom-audi-q4rsq4-steering-wheel
product,volant-personnalise-audi-q-huit-rsq-huit,custom-audi-q8rsq8-steering-wheel
product,volant-personnalise-giulietta,custom-alfa-romeo-giulietta-steering-wheel
product,volant-personnalise-tesla-model-trois,custom-tesla-model-3-steering-wheel
product,volant-personnalise-tesla-model-s,custom-tesla-model-s-steering-wheel
product,volant-personnalise-tesla-model-y,custom-tesla-model-y-steering-wheel
product,volant-personnalise-abarth,custom-abarth-steering-wheel-bespoke-design
product,volant-personnalise-fiat-cinq-cent,custom-fiat-500-steering-wheel
product,volant-personnalise-ds-trois,custom-ds3-steering-wheel-bespoke-design
product,volant-personnalise-peugeot-deux-cent-huit,custom-peugeot-208-steering-wheel
product,volant-personnalise-peugeot-trois-cent-huit,custom-peugeot-308-steering-wheel
product,volant-personnalise-honda-s-deux-mille,custom-honda-s2000-steering-wheel
product,volant-personnalise-jeep-cherokee,custom-jeep-cherokee-steering-wheel
product,volant-personnalise-suzuki-swift,custom-suzuki-swift-steering-wheel
product,volant-personnalise-range-rover,custom-range-rover-steering-wheel
product,volant-personnalise-skoda-fabia,custom-skoda-fabia-steering-wheel
product,volant-personnalise-skoda-octavia,custom-skoda-octavia-steering-wheel
product,volant-personnalise-polo-cinq,custom-vw-polo-5-steering-wheel
product,volant-personnalise-polo-6,custom-vw-polo-6-steering-wheel
product,volant-personnalise-scirocco,custom-vw-scirocco-steering-wheel
product,volant-personnalise-tiguan,custom-vw-tiguan-steering-wheel
product,couvercle-airbag-volkswagen-golf-sept-scirocco-tiguan-polo,vw-airbag-cover-golf-7-scirocco-tiguan-polo
product,pack-complet-bmw-airbag-boutons-electroniques-de-palettes,bmw-steering-wheel-complete-kit-airbag-buttons-paddles
